brand,city,publish_day,publish_hour,archive_day,archive_hour,image_count,view_count,get_contact_count,result
3,2,11,18,11,20,3,3167,83,1
29,6,11,23,13,17,2,8264,165,0
25,4,11,23,14,11,2,19475,447,0
8,6,12,6,15,20,2,24779,935,0
7,7,13,21,15,21,4,7409,159,1
24,6,14,10,17,21,3,10187,695,0
6,3,15,11,18,10,5,6839,359,1
12,5,9,14,,,4,12899,159,0
3,7,10,14,,,0,4979,183,1
10,2,17,15,,,4,15413,365,0
8,4,9,12,11,13,4,11342,297,0
9,6,11,7,17,20,0,5195,219,1
5,2,11,9,13,13,0,3521,87,1
8,2,11,18,12,14,1,6029,375,1
8,5,12,17,20,19,1,18065,267,1
3,4,13,18,15,16,2,6968,189,0
5,2,13,21,17,21,4,44603,485,0
6,3,14,19,15,15,3,4019,171,0
29,6,15,0,18,21,1,12758,135,0
3,2,17,18,17,20,2,1811,83,0
15,2,9,8,,,4,10397,159,0
0,2,10,6,,,0,6194,309,0
3,6,12,19,,,3,41447,1419,1
10,4,13,12,,,2,14393,327,0
3,3,14,14,,,0,5915,135,1
5,4,14,18,,,0,5915,159,1
24,3,14,19,,,4,18965,147,0
29,3,16,17,,,5,13817,291,0
20,3,17,9,,,2,5318,85,0
6,2,17,10,,,3,5333,125,0
18,4,17,19,,,3,45548,435,0
14,7,9,22,10,8,1,6539,191,0
5,2,11,10,13,18,2,3773,201,1
7,3,13,16,21,1,1,11117,171,0
5,2,13,23,16,17,0,3791,207,0
3,3,14,14,14,15,5,3227,55,0
24,6,16,10,17,15,2,3545,43,0
3,6,9,10,,,2,18623,939,0
4,3,9,20,,,0,5951,219,0
5,5,10,20,,,4,15851,195,0
20,4,11,12,,,1,15167,219,0
24,4,11,22,,,4,44093,987,0
20,3,12,15,,,1,11819,123,0
29,5,16,19,,,3,9407,207,0
3,6,11,11,11,16,5,2717,323,0
4,3,12,11,13,22,3,4775,303,1
6,6,13,17,15,8,0,4187,117,1
7,6,13,20,15,11,2,6248,147,0
29,3,16,9,16,20,0,821,39,0
9,3,11,7,,,0,11891,939,1
3,5,11,19,,,2,27641,951,0
28,3,12,11,,,2,6041,183,1
29,6,12,17,,,2,25643,867,0
8,6,13,12,,,3,41015,843,0
8,4,13,18,,,1,33725,663,1
8,6,13,23,,,0,8543,159,0
3,6,9,1,13,19,2,24329,759,0
14,3,9,21,10,0,3,2417,95,0
3,5,10,16,11,15,3,4121,283,1
14,7,12,2,14,1,4,44891,751,1
7,5,12,11,14,21,1,4565,87,0
5,7,13,2,13,20,3,18719,251,1
4,5,13,18,21,22,4,26345,783,0
5,3,14,6,15,15,2,2921,103,0
5,6,14,20,19,14,4,10667,327,1
22,4,14,21,16,10,5,8534,291,1
3,6,11,19,,,3,12611,255,0
5,3,11,23,,,0,9461,339,1
0,3,12,10,,,0,4835,219,1
13,7,13,16,,,3,64721,495,0
3,5,14,0,,,5,24611,533,1
3,6,14,0,,,3,16736,267,1
29,7,17,21,,,0,4448,125,0
5,6,9,9,10,23,5,10469,123,0
5,3,9,22,10,23,2,15449,283,1
8,7,10,6,11,11,3,8255,519,0
8,3,10,9,10,18,4,1835,43,1
5,6,10,18,13,15,2,21611,663,1
5,4,11,23,17,8,0,4853,123,0
8,6,12,21,21,10,3,20171,183,0
3,2,14,19,15,14,4,7817,347,0
8,7,15,21,15,21,0,557,39,0
11,4,9,11,,,0,2459,75,0
6,6,10,10,,,4,16949,315,0
19,3,11,15,,,2,9353,315,0
8,4,11,19,,,3,8993,111,0
8,2,11,22,,,4,12359,255,0
12,6,13,13,,,0,5249,147,0
3,6,13,13,,,0,7679,171,1
9,3,15,19,,,3,26381,1395,1
5,3,15,21,,,4,14789,495,1
29,3,16,21,,,1,4583,147,1
3,7,10,7,13,20,2,14603,1135,0
29,3,10,20,13,9,3,2975,95,0
5,6,11,0,11,18,1,4631,71,0
14,4,11,12,21,21,1,14069,195,1
4,6,12,11,12,21,2,4775,175,0
23,6,13,10,15,0,2,13313,105,1
3,7,15,10,15,11,0,1583,63,1
8,5,9,16,,,4,33401,243,0
3,5,10,19,,,4,14969,231,1
3,5,11,11,,,1,12359,279,1
0,4,11,20,,,0,4745,63,1
3,3,13,21,,,0,4745,159,0
6,3,14,15,,,2,18605,351,0
6,4,15,19,,,3,53633,711,0
8,6,16,12,,,0,6437,171,0
2,3,9,13,9,22,2,7199,151,0
3,3,9,20,9,21,2,1145,95,1
3,4,10,2,10,12,4,4451,99,1
28,6,10,14,10,21,1,2093,75,0
17,3,12,12,15,21,2,14147,503,0
8,7,12,19,14,22,5,18101,543,1
8,6,13,13,14,1,0,1655,47,1
7,2,14,12,14,19,0,653,47,1
3,7,14,13,17,7,4,21947,271,0
5,6,15,10,15,20,2,3605,95,1
9,6,15,19,16,13,4,8513,123,1
3,3,10,9,,,4,12647,171,0
9,6,11,20,,,0,7319,555,0
19,6,11,23,,,3,12809,531,1
5,2,12,12,,,3,38369,999,0
8,3,12,22,,,0,10667,87,1
8,2,14,1,,,4,27656,281,0
3,6,9,12,17,1,3,37973,555,0
3,4,9,21,14,16,0,4619,279,0
3,2,9,23,13,12,2,21953,725,1
5,6,10,12,11,22,0,3413,79,1
5,4,11,23,21,13,3,98003,3747,0
6,5,13,13,15,9,2,10064,99,0
14,5,13,15,14,15,2,3113,63,0
14,7,13,18,16,13,0,14315,335,0
26,7,13,20,15,19,4,6806,93,1
3,6,14,17,18,11,1,14963,1355,1
5,3,16,12,20,12,4,21638,505,0
5,7,17,12,17,20,1,3023,119,1
8,4,9,13,,,0,4259,255,0
3,7,10,14,,,3,22007,351,0
3,2,11,22,,,4,27587,987,0
29,3,12,18,,,2,19523,435,0
6,3,12,22,,,4,48305,1299,1
8,6,13,13,,,0,9065,315,1
20,6,14,9,,,3,12305,279,0
9,6,15,6,,,4,44345,1143,1
3,2,17,20,,,4,14588,305,0
3,3,9,14,12,20,3,22523,463,0
19,7,9,17,13,2,2,54443,815,0
26,6,10,22,15,14,5,24689,447,0
6,6,11,17,15,23,4,35018,445,0
9,3,11,17,17,21,1,19577,615,1
10,4,12,9,15,17,1,3971,71,0
22,6,14,23,16,12,1,4223,57,0
9,6,16,19,22,13,1,28307,1371,0
9,3,16,19,17,19,3,5807,135,1
29,2,9,11,,,4,4295,111,0
8,6,9,11,,,0,13979,303,1
11,5,9,13,,,3,22241,291,0
10,4,9,19,,,3,17561,783,1
25,4,13,12,,,3,6923,219,1
7,7,14,22,,,3,24005,303,1
27,3,15,20,,,3,34427,591,0
12,6,16,10,,,5,14195,771,0
29,7,16,15,,,2,34661,387,0
24,5,10,21,18,15,4,36713,495,0
19,6,12,13,14,9,1,10361,315,1
24,4,12,20,12,23,3,5297,51,1
7,3,12,20,17,13,4,14915,267,1
0,4,13,13,15,8,2,8138,261,1
9,5,13,21,15,9,3,5420,207,1
8,7,13,23,17,12,4,37343,445,1
6,2,17,11,22,18,3,29189,1035,0
11,4,9,12,,,2,27875,579,0
14,7,14,23,,,4,18011,159,0
19,6,11,15,,,0,5807,159,0
29,5,12,7,,,0,7805,375,0
29,6,12,14,,,0,8075,123,0
0,7,13,21,,,0,9551,411,0
29,4,14,10,,,0,9623,147,0
8,3,14,17,,,1,14645,123,0
3,2,9,10,19,21,4,11333,111,0
10,4,9,14,16,0,3,7265,291,0
9,4,9,17,12,23,2,20399,487,1
7,6,10,13,10,14,2,1685,59,0
12,4,11,11,11,21,5,2687,95,0
4,3,11,20,13,18,3,7373,117,1
9,2,13,9,13,16,2,1391,87,1
3,6,13,13,14,2,4,3383,143,0
29,2,13,21,14,18,4,3611,167,0
23,3,14,15,15,9,4,2789,67,1
5,4,9,17,,,2,18281,243,0
3,2,10,15,,,2,15887,351,1
29,6,10,15,,,0,7427,99,0
18,6,10,21,,,2,33743,327,1
23,4,13,15,,,0,6779,375,0
3,6,14,15,,,1,10487,183,0
10,2,9,18,13,12,5,29963,685,0
12,3,12,21,17,13,4,15023,171,0
4,6,12,23,15,15,3,11771,215,0
19,6,13,6,17,23,4,18443,455,0
9,2,15,23,16,21,4,7715,103,1
5,7,11,20,,,2,15257,399,0
3,7,12,0,,,0,9365,155,1
29,3,12,6,,,2,8357,197,0
5,3,13,18,,,4,13223,267,1
20,6,16,0,,,1,26963,547,0
0,4,16,23,,,2,38009,351,0
8,2,12,6,13,19,1,4091,71,0
29,4,12,9,19,20,4,24473,615,0
3,7,12,11,13,20,3,9887,199,1
11,6,12,15,12,17,0,947,55,0
9,2,14,23,21,17,4,29711,927,1
8,3,15,13,16,9,5,4151,79,1
29,4,15,15,16,20,4,8147,183,1
7,3,15,20,18,12,4,4979,103,0
0,2,9,9,,,4,16553,255,0
3,7,9,16,,,2,25481,747,1
4,6,10,19,,,0,18119,819,0
12,3,12,21,,,0,7715,123,1
20,3,14,12,,,3,11999,207,0
29,5,16,12,,,0,7031,135,0
12,2,17,18,,,2,41273,335,0
22,3,9,8,9,22,0,1151,55,1
28,7,9,14,11,13,1,6635,135,0
8,4,10,21,15,23,3,12359,363,0
5,3,16,14,22,7,1,17975,531,0
0,6,10,12,,,3,22871,495,1
3,3,10,23,,,0,7409,243,1
10,7,12,7,,,2,26381,567,1
9,3,13,8,,,2,21647,459,0
5,2,14,8,,,1,23573,423,1
1,6,17,8,,,4,28433,465,0
29,4,17,17,,,2,19598,555,0
9,5,9,19,11,10,4,7526,81,0
5,2,10,8,12,0,1,7247,339,1
6,6,10,9,18,9,1,9749,735,0
14,3,11,11,11,14,2,3785,75,1
0,5,11,17,14,21,2,12851,399,1
20,3,12,13,17,18,2,10685,303,0
11,5,12,15,12,19,3,1499,43,1
5,6,13,10,15,10,3,25301,225,1
6,3,13,13,18,1,1,15005,183,0
9,6,13,21,13,22,4,5885,75,1
6,2,14,21,17,11,2,6455,111,0
9,3,15,7,17,8,3,15905,183,1
9,2,16,12,16,16,3,5285,147,1
7,4,11,1,,,4,25325,337,1
25,6,11,9,,,4,9425,351,0
3,2,11,10,,,3,6455,171,0
7,6,12,6,,,2,13079,267,1
11,2,12,6,,,1,32609,1299,0
8,3,14,8,,,0,4493,99,0
25,6,17,2,,,0,4223,291,1
6,4,17,7,,,2,7163,95,0
14,3,9,11,10,10,4,1643,43,1
9,5,9,12,11,14,2,8444,393,1
29,6,10,14,10,18,4,4115,75,1
18,6,10,22,21,20,0,24581,459,0
20,7,12,7,15,19,3,13211,279,0
9,4,12,12,13,13,5,10625,235,0
29,7,14,18,21,14,2,15095,519,0
5,3,14,18,16,18,3,13403,291,0
9,5,14,20,20,22,2,29315,1623,0
3,6,17,11,18,5,0,1175,51,0
5,6,17,18,18,20,0,2729,131,1
9,3,14,8,,,3,38603,807,0
12,4,14,18,,,4,10055,255,0
9,2,15,20,,,4,36839,423,1
3,6,10,13,15,14,2,28955,1095,1
24,6,13,17,15,21,1,9560,201,1
3,7,14,12,14,21,0,2723,51,0
8,6,17,14,17,21,2,4991,183,0
9,6,17,14,20,11,4,13967,271,0
29,6,11,10,,,0,7391,231,1
20,3,9,23,,,4,12719,171,0
29,4,10,11,,,1,18227,411,0
29,2,12,7,,,2,29387,531,0
29,3,13,11,,,3,19487,219,0
8,2,14,10,,,4,26093,555,0
3,2,9,7,20,19,2,2297,99,0
7,5,9,11,15,8,0,1793,135,0
8,4,9,22,10,22,4,8561,131,1
29,3,10,5,20,14,3,7013,225,0
8,7,10,16,12,12,1,24122,435,1
3,6,10,22,13,18,1,12947,535,0
5,2,10,23,12,14,4,7805,117,1
14,6,11,9,12,16,0,1139,67,1
3,4,12,13,16,12,4,19013,625,0
3,2,12,15,15,10,4,25583,1255,1
6,3,14,9,16,2,0,1172,81,0
12,6,15,13,17,22,2,4907,69,0
14,5,9,10,,,1,10469,327,0
20,4,9,20,,,4,21251,327,0
3,6,12,9,,,2,5753,279,1
2,7,13,15,,,0,11405,483,0
11,4,13,18,,,3,16139,255,0
8,3,16,12,,,4,26633,519,0
24,2,17,19,,,5,14288,325,0
24,3,9,0,16,14,4,68837,659,0
9,6,9,21,9,21,0,623,63,0
8,5,10,15,16,16,0,7553,267,0
12,5,12,13,14,22,0,2108,81,0
26,2,12,17,15,16,4,7583,127,1
17,5,13,14,16,14,0,2579,159,0
7,5,17,14,20,17,1,8615,151,0
17,3,10,19,,,3,19325,363,0
29,4,12,14,,,0,4997,267,0
9,6,12,19,,,4,33041,471,0
20,5,12,21,,,0,8345,195,0
7,2,15,19,,,0,4259,231,1
5,6,17,23,,,3,10118,135,0
8,5,9,1,11,15,2,5243,95,0
8,4,9,12,21,20,4,22367,459,0
4,5,9,14,20,15,3,21593,291,0
28,6,9,22,11,18,1,6194,297,0
10,5,10,12,22,12,3,12467,159,1
8,2,11,11,17,9,4,15185,519,1
0,6,11,19,11,22,1,4205,131,0
5,4,12,15,12,18,5,2213,87,0
3,4,13,9,22,16,3,39395,3951,1
28,6,13,19,16,11,3,21923,423,0
5,6,14,11,15,21,0,1103,91,0
8,7,14,18,15,20,0,5363,91,0
10,3,16,9,17,12,4,4661,243,0
8,7,17,13,18,10,5,3107,55,0
20,6,17,13,20,13,2,4475,79,0
20,6,17,20,21,11,3,11858,255,0
6,6,9,11,,,3,7121,243,0
19,7,13,12,,,4,53399,879,0
14,2,13,20,,,0,3809,147,0
29,2,13,20,,,3,10109,111,0
6,4,13,23,,,0,5087,123,0
18,2,14,7,,,2,12305,351,0
3,5,15,11,,,4,38693,2715,0
20,7,9,21,10,14,1,5639,115,0
11,7,11,10,12,23,2,9335,231,0
17,5,13,15,14,23,1,2687,55,1
3,6,14,11,16,10,4,20540,675,1
8,7,14,19,18,15,4,21323,415,1
29,6,15,16,16,22,0,3425,123,1
3,4,11,15,,,0,6725,135,0
8,3,11,6,,,3,14909,953,1
9,6,11,12,,,4,23033,315,1
11,7,13,23,,,3,20207,219,0
6,2,14,17,,,4,24653,855,1
23,4,17,18,,,4,23633,335,0
6,2,9,9,14,1,0,7193,159,0
10,2,10,20,14,19,3,9593,295,1
6,6,11,5,17,23,1,12284,659,0
3,2,12,13,15,23,5,11759,199,1
11,6,12,20,18,16,3,16913,243,0
3,3,14,13,14,18,1,4811,59,0
19,7,14,14,15,19,2,3641,163,0
23,4,11,9,,,0,12467,447,1
3,4,11,20,,,1,35615,495,0
3,3,12,17,,,4,31907,999,0
8,2,14,11,,,2,13277,411,1
11,6,14,16,,,0,3107,291,1
3,6,9,7,18,14,1,6275,303,0
3,5,9,9,9,14,3,5051,159,1
9,4,9,11,10,18,3,8309,199,1
14,6,13,10,17,20,2,15233,365,0
5,4,14,11,14,13,3,2873,159,1
12,6,14,18,22,18,0,5897,183,0
29,5,16,19,16,21,2,3623,87,0
29,3,16,22,21,20,0,21449,255,0
10,6,17,12,19,10,3,4529,201,0
25,3,9,8,,,2,23627,387,0
3,3,9,18,,,3,21035,807,0
24,6,11,10,,,0,6851,303,0
3,3,11,11,,,0,4781,123,0
29,5,11,20,,,0,2819,135,0
8,4,13,16,,,1,20837,279,0
6,5,14,22,,,3,30809,723,1
25,6,15,12,,,0,14519,807,1
7,3,9,13,10,22,0,1139,87,1
5,7,9,20,10,11,3,16817,127,0
9,2,10,1,13,20,1,12788,375,0
3,3,10,10,11,8,3,6899,107,0
28,2,11,15,17,19,3,13817,279,0
5,3,13,18,14,11,1,17015,3179,1
6,6,13,18,15,10,3,6707,105,1
9,6,14,1,15,17,5,17759,801,0
29,4,14,17,17,8,4,15047,199,0
0,7,17,2,23,0,1,35111,339,0
8,2,10,13,,,2,12503,219,1
1,5,11,17,,,0,9731,255,1
8,6,15,10,,,0,9695,675,0
9,2,16,20,,,0,3773,255,0
5,2,9,9,10,15,2,5315,79,0
9,6,10,9,20,14,1,23627,483,0
3,3,10,10,10,14,4,3389,95,0
8,5,10,15,15,21,4,47171,831,1
10,3,14,13,16,12,2,4997,177,0
8,3,14,17,17,11,0,5063,135,1
12,3,17,9,18,8,1,2009,43,0
3,7,17,17,19,13,3,12116,459,0
0,6,9,12,,,0,14537,507,0
8,2,10,18,,,1,11639,315,1
3,5,10,21,,,2,18245,219,0
5,7,11,16,,,5,13043,207,0
29,5,13,22,,,4,19127,207,0
3,6,13,22,,,1,23159,1131,1
5,6,17,15,,,0,9548,545,1
9,3,10,11,12,12,4,21062,513,0
10,3,11,12,11,14,2,1871,123,1
10,5,12,9,12,12,5,2621,171,0
29,6,12,15,14,18,2,15347,153,0
5,6,13,21,20,21,3,36929,891,1
3,3,15,0,15,14,4,11177,119,1
10,3,15,16,15,20,2,4133,211,1
8,6,17,7,17,11,2,5519,215,0
14,7,10,13,,,0,12971,303,0
29,4,10,20,,,2,14123,135,1
20,6,13,14,,,1,30827,279,0
3,2,12,23,,,0,5177,207,1
3,4,13,7,,,0,7913,147,1
9,4,15,12,,,5,17633,399,1
29,3,16,21,,,1,17615,327,0
17,4,12,1,12,16,0,2183,87,0
6,6,12,14,13,22,3,6131,107,1
14,4,12,15,18,16,1,27029,435,1
29,3,12,17,13,18,2,2417,47,0
9,3,13,21,15,19,4,33671,381,0
8,6,10,10,,,1,23771,447,0
3,7,9,9,,,3,28649,687,0
0,3,10,11,,,4,39305,411,0
1,5,10,13,,,4,39575,1023,0
3,3,11,21,,,4,12107,135,0
3,6,13,18,,,4,29729,963,0
25,4,15,12,,,3,5393,279,0
9,5,17,19,,,1,23183,275,0
5,5,9,9,13,12,4,33668,805,0
3,3,9,9,10,17,4,6233,195,1
5,4,14,10,16,11,2,12791,213,1
9,4,15,0,17,14,0,8003,119,0
0,4,15,23,16,19,1,4181,63,0
5,2,16,14,18,2,3,13925,447,1
20,6,11,16,,,1,24059,507,0
5,3,11,17,,,0,6761,99,0
3,6,13,13,,,0,6239,111,0
24,3,13,16,,,5,68411,315,1
2,6,15,13,,,4,128513,1539,0
29,4,15,14,,,2,16139,291,0
29,5,15,21,,,2,8075,195,1
3,3,16,21,,,3,14141,327,0
5,4,10,18,19,12,4,36317,291,0
9,5,11,11,16,20,1,24059,447,0
3,6,11,14,14,14,4,13139,199,0
20,7,13,8,18,20,4,50807,435,1
9,3,13,13,13,16,4,4307,167,0
26,3,14,9,17,8,2,8075,135,0
4,6,14,11,14,14,2,1469,75,1
27,3,14,18,18,21,3,27353,665,1
29,4,14,19,15,20,0,1703,71,1
18,5,9,9,,,4,18245,207,0
11,3,9,10,,,3,7589,195,0
5,6,11,13,,,0,9749,243,0
29,6,11,14,,,0,3665,135,0
8,5,11,22,,,3,11171,231,0
1,2,17,11,,,4,12743,345,0
5,4,9,23,21,17,4,29711,279,0
3,6,11,8,11,14,2,2633,231,1
25,2,11,22,12,17,1,3389,139,1
3,6,12,8,13,13,3,3017,355,0
8,6,12,12,12,14,2,3425,255,0
6,5,12,19,15,21,4,14027,151,0
18,6,13,18,23,0,2,40763,447,1
3,7,13,21,21,18,3,25733,879,0
3,4,14,21,19,2,0,7769,387,0
3,4,10,12,,,0,7769,135,0
3,3,11,22,,,0,9263,159,1
29,3,13,17,,,2,18623,423,0
6,5,13,23,,,3,31025,567,1
8,3,14,17,,,4,35255,387,0
9,2,14,23,,,1,17057,267,1
8,6,15,13,,,0,16787,759,1
9,3,9,9,12,1,4,22883,759,1
8,5,10,12,12,20,3,11045,165,0
12,6,11,8,12,13,5,2327,75,1
29,3,12,10,16,12,5,9068,165,0
24,2,13,13,20,20,3,11513,327,0
8,2,14,14,16,16,5,4736,285,1
22,6,14,23,19,13,4,26021,303,1
29,3,15,19,17,17,3,9308,225,1
8,3,9,6,,,1,18227,491,0
5,7,12,8,,,3,24401,1047,0
2,7,12,16,,,2,30197,363,0
25,4,12,17,,,4,22691,291,1
7,3,13,21,,,1,11549,291,0
12,4,17,12,,,0,3698,105,0
14,3,9,11,11,11,2,2522,129,0
0,2,9,12,11,10,3,11522,357,1
3,3,9,12,10,11,3,6797,391,1
3,7,9,21,10,20,3,5855,135,0
3,5,9,22,10,18,1,13385,187,0
10,3,10,11,16,17,4,15905,423,0
20,7,11,7,11,22,0,701,67,0
28,4,11,20,17,15,0,2873,111,0
9,4,13,11,16,16,1,22847,207,1
4,6,14,12,14,20,1,3077,31,1
3,6,14,14,19,20,2,14951,459,0
29,4,15,21,18,17,3,11351,87,0
12,3,12,12,,,0,4115,267,0
26,3,13,23,,,0,6401,111,0
10,6,14,7,,,0,5789,663,0
27,3,9,7,16,12,4,14645,1191,0
24,4,9,14,11,8,0,1154,81,0
14,6,10,10,15,18,3,18479,339,0
7,3,11,16,19,18,0,8903,303,0
5,4,11,19,17,19,0,13385,351,1
3,5,11,21,12,23,3,6677,319,0
8,4,12,14,15,9,2,13547,207,1
5,2,13,18,14,18,2,6431,487,0
11,6,13,23,19,19,4,18281,195,0
8,3,15,9,17,10,3,4727,183,1
9,5,16,10,17,14,4,8843,187,1
5,2,16,12,16,20,4,4313,135,0
8,5,9,20,,,4,22403,279,0
5,3,11,7,,,0,3431,123,0
29,3,11,14,,,3,9353,183,0
12,7,12,16,,,0,7823,99,0
13,7,15,21,,,5,35975,459,0
6,3,9,11,10,13,4,7331,87,0
8,2,9,13,10,23,4,4865,123,0
9,2,10,1,12,0,1,14255,279,0
8,3,10,10,22,15,2,12701,219,0
12,6,10,15,12,14,0,2927,93,0
29,7,15,20,18,16,1,15071,271,1
29,3,16,10,20,12,2,16763,715,1
3,3,17,13,21,14,5,14558,915,0
9,5,9,19,,,0,5681,279,0
29,3,10,7,,,4,19487,447,0
19,5,13,18,,,4,19865,255,0
8,3,13,20,,,3,16085,447,0
6,3,15,2,,,1,38534,435,1
9,4,10,10,11,23,4,11069,443,0
8,6,11,10,11,13,2,3587,51,0
3,6,12,19,15,19,4,13235,351,1
9,2,13,12,18,18,1,23267,435,0
0,6,13,16,15,22,1,8795,291,0
8,6,14,16,19,20,0,12629,267,1
12,3,15,13,21,16,2,23393,555,1
6,5,9,1,,,3,12515,197,1
8,5,10,12,,,2,17453,399,0
5,2,10,14,,,4,4439,123,0
9,5,11,17,,,2,15653,147,0
8,7,9,4,16,18,3,51134,743,0
10,3,9,18,14,9,2,4889,135,0
9,7,9,7,15,11,1,21971,387,0
3,5,13,1,22,9,4,23477,323,0
5,4,13,5,15,2,0,6023,327,0
9,6,14,9,14,13,4,6005,263,0
29,4,16,17,18,13,1,10595,729,1
8,6,16,18,17,8,4,4277,67,1
12,7,9,11,,,0,9083,219,0
10,3,9,19,,,5,9749,255,0
3,3,10,13,,,0,9083,1071,0
3,6,12,2,,,3,50294,533,0
29,4,14,0,,,1,29693,295,1
9,6,13,20,,,0,5609,135,1
29,3,14,5,,,3,10772,267,0
9,5,16,12,,,4,18947,243,0
3,5,16,16,,,3,10829,447,0
3,5,9,20,12,18,3,28427,1047,0
7,6,9,13,10,15,0,1409,87,0
8,7,9,22,10,14,3,9449,243,0
3,6,11,11,11,16,3,8969,791,1
29,6,13,19,18,16,0,5753,267,0
9,6,14,16,20,1,4,14933,315,1
21,3,17,18,18,19,4,6113,199,1
6,6,9,8,,,0,9299,459,0
29,2,11,20,,,1,8723,711,0
5,3,12,21,,,4,17903,303,0
29,4,13,5,,,0,14027,169,1
6,6,14,14,,,0,8561,111,0
8,6,15,12,,,4,54245,1995,0
29,4,9,11,10,18,1,8033,115,0
7,7,10,13,14,16,0,5963,175,1
8,6,10,22,14,18,0,10208,305,1
19,5,12,11,12,14,4,3221,31,0
29,5,14,16,14,17,0,1223,55,0
9,5,15,21,17,10,5,15185,405,0
9,6,17,11,18,13,3,4973,103,0
10,3,17,20,22,2,0,11801,687,0
6,6,10,13,,,2,17129,327,1
5,4,9,14,,,4,7895,171,0
6,2,10,7,,,4,15779,255,0
3,6,11,18,,,2,17345,759,1
25,7,12,9,,,2,28631,579,1
3,5,13,20,,,1,9569,183,1
0,3,14,15,,,4,86483,1515,0
29,2,16,19,,,0,3701,147,0
3,7,16,21,,,0,15473,987,1
29,4,17,1,,,0,5069,147,0
5,7,17,19,,,2,52043,655,0
28,6,10,10,14,9,0,1598,185,0
14,7,10,12,11,23,0,3131,95,0
27,6,10,13,18,11,4,17741,1119,1
14,3,11,17,13,0,4,3881,123,1
3,6,12,12,15,22,3,19883,855,1
8,3,12,16,13,19,4,11015,347,1
29,6,14,22,16,1,4,5735,105,0
8,7,14,23,16,19,3,15932,333,1
8,4,15,11,15,19,4,3575,79,1
20,7,15,15,20,21,1,17219,291,0
29,3,16,23,20,1,0,11123,425,0
12,6,9,2,,,4,8924,407,1
24,6,11,9,,,0,7283,351,0
3,4,13,9,,,3,21845,447,1
9,4,13,18,,,3,30683,387,0
3,3,14,14,,,3,33419,1815,0
6,5,14,21,,,4,29045,387,0
25,4,15,23,,,3,14267,171,0
23,5,9,1,17,11,0,7328,225,0
14,2,9,13,9,14,0,449,43,0
3,2,9,21,10,23,4,4295,63,0
19,6,9,23,9,23,4,3623,303,1
19,7,11,15,15,20,4,23078,375,0
29,4,12,17,16,18,0,6203,255,0
14,2,14,13,16,19,2,7319,249,1
4,7,14,19,19,3,2,11009,483,0
11,5,15,9,16,0,1,1559,75,1
5,4,17,16,18,2,3,4397,79,0
3,2,17,18,17,20,3,2975,163,1
3,3,17,19,18,14,3,1799,75,0
11,4,9,10,,,2,5249,159,0
7,6,9,13,,,4,30503,255,0
10,6,10,14,,,4,17795,111,0
23,6,11,11,,,3,30953,651,0
8,7,12,14,,,3,37865,183,0
20,6,14,14,,,4,2459,99,0
20,6,14,17,,,1,17363,327,0
4,4,15,18,,,4,36695,759,0
29,6,16,16,,,0,13331,219,0
3,3,9,20,11,6,1,5870,303,1
5,2,11,14,11,17,4,2765,143,0
29,2,11,22,22,22,2,17399,195,0
6,2,12,0,17,14,0,14615,281,0
3,7,12,15,16,11,4,10538,135,0
4,3,13,23,15,20,3,17435,279,1
29,7,14,11,17,23,0,3419,103,0
9,5,15,17,22,1,4,64181,1215,1
3,6,15,21,16,18,3,9971,155,1
23,4,9,15,,,3,12089,255,0
8,5,10,21,,,4,30521,363,0
8,6,11,12,,,0,8363,219,1
14,6,13,9,,,0,5573,171,0
5,7,14,18,,,0,23375,651,0
8,5,14,21,,,3,17543,183,0
8,2,16,1,,,5,30554,603,0
29,3,16,23,,,2,26903,399,0
11,6,16,23,,,2,18569,519,0
29,6,11,8,18,20,4,51401,3003,0
2,4,11,12,14,7,0,4319,135,0
3,6,11,14,15,13,3,11303,305,0
3,7,11,16,16,12,0,7499,339,0
3,6,13,0,16,17,5,39038,975,1
3,2,13,10,13,13,2,1871,71,1
21,5,13,22,13,23,4,5279,127,0
14,6,16,23,17,11,4,3035,139,1
23,2,9,21,,,5,10487,399,0
8,5,10,5,,,5,11486,309,0
3,3,11,12,,,1,19073,255,0
29,6,12,9,,,0,7733,123,0
9,5,13,9,,,4,34679,327,0
29,6,16,8,,,1,5843,315,0
17,4,17,13,,,0,2543,105,0
5,3,10,20,11,11,5,2627,99,0
9,6,11,9,11,13,2,3455,147,1
12,6,11,14,11,16,5,2489,99,0
3,3,11,19,16,23,0,4169,231,1
9,7,13,22,16,0,1,13943,247,1
5,4,14,11,15,14,1,2621,99,0
10,6,14,23,16,15,0,2126,87,0
5,6,15,13,16,16,3,9881,151,1
29,6,16,20,18,15,0,3431,117,0
3,4,13,8,,,1,12035,315,0
3,7,15,22,,,4,54875,387,1
9,5,16,16,,,0,14969,1023,0
28,7,9,7,10,0,0,1235,63,0
3,3,10,10,11,17,5,9797,343,0
9,4,10,11,12,12,2,12485,189,0
29,6,11,20,21,17,4,25967,1095,1
18,4,12,18,14,18,2,9200,141,1
12,6,16,23,20,10,3,10388,185,0
20,7,17,15,20,14,3,17507,447,0
9,3,17,23,18,18,3,17399,547,1
9,5,9,14,,,2,47351,1443,0
8,4,16,5,,,2,24674,743,0
9,2,17,12,,,5,25733,385,0
11,3,9,12,9,20,4,2849,103,1
20,6,9,20,23,3,3,3125,243,0
3,7,9,22,10,22,3,9155,135,1
9,2,12,23,15,15,5,39083,711,0
12,6,13,23,17,20,1,21353,285,1
0,6,14,9,15,9,0,1487,55,1
20,6,14,20,20,2,0,3917,315,0
3,2,17,7,17,14,1,1229,27,0
10,7,9,9,,,5,15851,231,0
10,3,10,1,,,0,4115,309,0
7,7,17,22,,,2,22658,235,0
8,3,9,17,15,22,0,13943,795,1
3,6,11,10,14,0,0,2867,159,1
1,3,16,12,17,10,2,3107,55,0
5,7,9,7,,,0,17255,447,0
5,7,11,8,,,1,16517,219,0
25,2,11,11,,,1,6383,195,0
14,2,12,8,,,1,6509,219,1
24,2,13,7,,,4,23987,303,0
20,7,13,21,,,5,26237,351,1
3,6,15,7,,,0,6905,171,0
10,2,17,9,,,1,4103,105,0
3,5,9,20,17,21,4,25085,687,0
17,2,10,10,12,8,4,7526,135,0
5,4,10,19,13,21,2,21155,503,1
9,4,11,7,19,13,0,4565,171,1
0,3,13,13,18,0,0,4691,87,0
14,6,13,18,15,0,2,6014,213,1
20,6,14,23,16,22,4,10496,357,0
9,3,16,13,20,8,1,33023,285,0
8,6,10,11,,,3,57341,951,1
3,2,11,16,,,4,10505,171,1
8,2,12,16,,,4,11585,315,0
13,6,13,6,,,1,22277,303,0
3,3,14,9,,,4,8561,231,0
12,4,14,22,,,0,3863,135,0
8,7,9,7,16,23,4,25913,687,0
3,6,9,11,20,13,3,5753,387,0
5,3,10,17,12,16,3,13268,195,1
8,6,11,23,12,15,3,3611,79,0
23,3,13,13,14,15,4,4877,71,0
9,6,13,22,15,11,0,5888,141,1
5,2,14,13,18,14,1,18728,485,0
23,4,17,11,17,12,4,1151,39,1
3,3,11,11,,,0,4313,135,1
9,3,11,19,,,0,5699,303,0
29,2,13,9,,,0,13115,387,0
29,5,13,16,,,4,47999,303,0
3,3,13,20,,,1,6347,147,0
3,2,14,23,,,0,7247,183,0
10,3,10,10,11,18,3,3251,179,1
13,5,10,12,16,0,4,29405,531,0
19,7,13,15,21,19,5,12467,303,1
3,7,17,20,17,23,2,2387,59,1
20,6,9,8,,,3,11099,363,0
29,3,12,15,,,5,12521,183,0
12,2,14,19,,,1,10271,111,1
5,3,12,14,16,19,3,13433,505,0
27,3,13,10,17,23,0,4418,85,0
7,6,14,9,14,21,0,1187,59,0
7,6,14,15,16,16,1,5636,195,1
5,2,15,16,17,21,4,6446,159,0
20,3,11,12,,,2,9191,255,0
29,4,11,18,,,4,10397,195,0
19,6,17,7,,,0,4883,205,1
9,3,17,21,,,4,57983,465,0
3,2,9,21,10,7,3,2957,87,0
8,6,10,13,11,9,0,2447,51,0
6,6,10,19,17,15,5,13061,543,0
13,4,10,21,11,14,3,3107,51,0
14,7,11,14,19,20,2,25337,315,0
5,6,14,12,14,13,2,4517,187,1
11,6,15,19,15,22,0,503,59,1
3,2,17,20,22,13,2,21989,1347,0
10,2,9,13,,,3,4259,195,0
29,3,11,8,,,4,20045,243,0
8,2,11,16,,,4,16733,147,0
8,2,16,11,,,4,22547,687,1
3,6,9,8,19,21,3,19145,435,0
5,3,10,14,11,9,3,2957,79,1
3,5,11,13,12,14,1,9887,107,1
5,7,11,14,11,15,0,1253,103,1
8,6,11,22,11,23,2,1769,51,1
9,3,12,14,14,0,0,4097,141,1
9,2,12,15,12,17,4,2069,55,0
7,6,12,22,16,13,0,10628,385,1
6,6,13,11,13,15,3,5363,163,1
5,7,11,11,,,4,24041,603,0
19,6,13,10,,,0,18713,315,0
3,4,9,15,15,15,1,25841,363,0
14,4,12,11,18,14,4,12071,291,1
0,6,14,15,18,9,1,19193,995,0
8,6,14,16,14,18,2,2729,79,0
29,2,14,19,17,17,1,4607,111,1
8,7,15,1,15,13,1,10979,167,0
4,2,16,15,17,12,4,4799,75,0
8,6,9,9,,,2,28325,615,0
20,7,12,15,,,4,18533,363,0
21,6,13,19,,,4,30755,303,0
5,4,14,18,,,4,5879,123,1
9,2,10,9,13,22,4,5603,279,1
5,6,10,10,10,16,1,3317,263,1
27,6,11,20,14,14,0,2675,183,0
8,7,13,10,14,11,3,14519,243,0
9,2,13,15,17,12,3,28538,1495,1
8,6,13,19,18,17,2,59519,519,0
5,3,14,11,22,1,1,15707,183,0
7,5,17,22,18,17,4,4559,95,1
10,5,13,13,,,0,4259,147,1
13,7,13,21,,,5,22925,423,0
29,5,15,7,,,0,12593,531,1
5,5,16,14,,,5,42221,483,0
26,6,17,7,,,4,19763,765,0
14,7,9,11,9,21,0,2177,123,0
8,4,9,10,16,13,2,21269,447,1
26,5,10,12,15,9,1,14069,243,0
9,5,11,14,14,13,1,9479,303,1
16,4,11,14,19,20,3,14195,399,0
8,3,11,15,22,3,3,17363,231,1
25,6,14,1,17,19,0,5513,265,1
19,6,14,9,14,18,0,671,43,1
18,6,14,14,20,21,0,32285,1479,0
8,4,14,14,16,15,3,30323,291,0
3,6,15,10,17,9,2,11747,213,1
9,4,15,20,16,11,5,2123,75,1
8,6,16,9,17,11,0,1553,131,0
12,2,10,16,,,3,11477,195,0
29,3,10,19,,,1,12827,171,0
18,3,12,16,,,3,39431,555,1
3,7,13,13,,,3,39485,459,0
3,6,17,13,,,1,27998,625,0
29,3,17,17,,,3,21638,435,1
23,5,13,19,17,15,2,7628,125,0
11,5,13,22,16,21,2,9755,295,1
8,5,17,14,22,9,4,12701,99,0
8,5,10,20,,,5,22853,183,0
3,6,11,9,,,4,4331,123,0
8,5,12,23,,,3,18281,195,0
25,2,13,21,,,3,8867,207,0
8,3,13,22,,,0,6257,111,0
3,4,9,6,12,2,2,27767,1535,1
4,3,9,13,11,6,1,11441,171,0
22,6,9,21,12,19,4,15599,367,1
24,6,10,23,22,20,4,44561,627,0
27,6,12,10,14,10,3,9263,255,0
12,2,12,14,13,18,3,3437,91,0
22,5,12,23,13,15,4,7553,167,0
23,3,13,17,21,10,2,17831,195,0
3,7,13,22,13,23,5,3839,63,1
17,3,13,23,16,13,0,4067,151,0
14,5,14,22,20,11,3,10559,351,0
8,3,17,14,18,18,1,3281,123,1
3,7,10,8,,,2,11855,279,0
29,2,10,9,,,2,9245,111,0
28,2,10,14,,,0,3431,159,0
10,3,11,18,,,0,2621,147,1
25,4,11,22,,,4,23213,255,0
3,3,12,14,,,0,3881,183,1
10,5,13,8,,,0,4673,135,1
7,4,13,20,,,0,2945,111,0
8,4,14,0,,,1,41558,673,0
29,2,14,15,,,3,11585,255,0
20,5,9,14,18,12,3,19991,555,0
9,3,10,10,15,11,3,15041,471,0
3,6,10,16,13,13,4,28427,1127,1
9,2,11,12,15,9,4,11633,1045,1
17,7,13,12,21,0,0,4313,87,0
11,6,13,20,19,20,1,7355,267,0
29,6,14,10,15,2,0,713,51,0
25,3,14,17,20,19,4,10487,267,0
5,7,14,19,15,18,5,9401,675,0
7,4,14,20,19,13,1,8993,195,0
25,6,9,19,,,5,6221,219,0
10,6,13,19,,,1,8345,183,0
27,4,14,19,,,4,13439,219,0
24,2,15,21,,,4,15401,147,1
16,7,9,20,9,21,0,347,47,1
8,5,10,20,18,7,2,15023,159,0
28,4,10,21,11,2,0,755,35,0
5,2,11,18,16,15,3,42851,1215,0
22,6,13,9,16,15,0,7967,175,1
8,2,13,9,22,6,3,17147,267,0
7,6,17,22,17,22,0,779,51,0
19,6,10,6,,,1,8861,365,0
3,2,11,7,,,0,7931,231,1
1,7,11,13,,,4,46991,699,0
5,4,11,23,,,3,18659,231,1
25,6,12,22,,,1,40007,1167,0
15,2,14,7,,,4,54515,2847,1
29,6,17,14,,,0,4298,75,0
5,6,11,19,14,19,2,10751,295,0
6,3,11,20,14,18,3,16607,343,1
3,3,11,20,12,14,2,3671,107,1
8,3,11,22,14,14,3,12311,327,1
25,6,12,12,14,8,2,6185,231,1
3,3,12,14,15,8,3,9767,575,0
3,5,14,7,17,10,3,13739,319,0
5,6,14,17,16,9,0,3521,183,1
29,3,16,14,18,11,1,10010,99,0
23,5,17,20,22,7,3,7499,219,1
10,3,9,5,,,4,11549,407,0
3,5,9,8,,,0,7733,435,0
5,7,10,12,,,3,28829,687,1
17,5,13,21,,,3,14123,255,0
8,6,9,8,9,16,3,9881,323,0
8,7,9,9,12,0,3,14951,175,0
11,6,9,11,10,17,2,2159,171,0
19,6,10,5,20,19,3,20516,1009,0
3,3,10,13,11,12,4,3485,75,0
29,5,10,21,18,0,1,10145,195,1
23,2,11,2,12,12,1,13178,333,0
8,2,13,1,15,17,2,14915,215,1
11,5,14,13,19,13,3,29927,783,0
5,2,9,10,,,1,12017,207,1
29,3,10,19,,,4,11513,135,0
25,4,11,11,,,0,22781,543,0
3,4,13,15,,,3,43751,1143,1
3,4,14,15,,,3,14303,303,1
5,4,9,7,15,15,2,6689,231,0
8,5,9,11,9,15,3,1085,79,0
28,6,10,7,16,18,0,6131,627,0
0,3,10,19,18,15,1,11459,423,0
3,4,11,17,13,20,2,10001,117,0
9,6,11,19,12,11,4,5639,295,0
8,3,11,20,12,15,0,1979,79,0
6,5,12,11,14,23,4,10226,285,1
17,3,13,13,17,21,3,13028,145,0
7,6,14,11,16,19,3,7022,99,0
12,5,15,13,16,19,4,4811,63,0
29,2,16,9,17,19,3,7019,523,0
11,6,13,22,,,0,9785,291,0
5,7,9,23,10,21,3,16733,407,0
8,7,9,22,12,13,3,53195,375,0
3,4,11,19,20,20,0,3773,135,0
0,3,13,11,13,21,4,5603,143,1
6,4,13,20,20,23,3,24077,447,0
29,3,14,23,15,16,0,1025,31,0
8,6,10,20,,,3,30863,843,1
20,5,11,12,,,0,3359,135,0
28,6,12,11,,,1,23861,843,0
24,6,13,5,,,4,29567,253,0
1,4,14,16,,,4,26237,255,0
27,4,14,20,,,2,13439,195,0
20,3,10,12,14,14,4,14543,155,0
19,3,10,12,10,13,3,1421,143,0
3,6,10,21,14,13,3,17873,295,0
19,4,12,14,13,22,4,2801,47,0
12,3,12,23,19,7,0,5015,147,0
9,6,13,2,13,10,4,6749,135,1
14,7,13,6,20,12,0,46598,1807,0
4,6,13,10,14,9,1,4043,59,1
29,2,16,17,21,21,4,17057,243,0
29,4,16,17,22,18,0,2261,147,0
5,2,16,19,22,19,2,32969,723,0
0,6,17,8,22,18,3,33959,867,0
12,3,9,21,,,1,17795,423,0
14,3,9,23,,,3,12449,579,0
0,6,12,14,,,1,15329,315,0
29,3,12,23,,,3,18191,195,0
3,7,12,23,,,2,30863,435,0
11,5,9,12,12,14,1,7571,375,0
3,3,9,19,10,14,4,3923,279,1
8,4,11,0,12,11,4,6230,93,0
11,5,11,9,15,10,3,15848,285,0
0,7,11,13,20,23,3,80831,2067,0
12,7,12,11,13,12,1,3515,107,0
10,5,12,15,17,20,3,14771,267,0
29,3,13,20,14,12,2,2501,59,1
3,4,14,13,15,14,1,11765,135,1
4,7,14,20,15,13,4,4013,91,0
3,3,16,22,23,4,4,18479,243,0
8,6,10,7,,,0,7589,171,0
19,7,10,9,,,3,8795,291,0
9,3,12,15,,,0,5069,123,0
19,3,13,5,,,0,12788,379,0
8,4,13,22,,,2,33959,843,1
29,3,13,23,,,1,11801,135,0
29,3,14,16,,,0,6581,519,1
5,3,14,17,,,2,38981,1119,1
25,6,10,0,13,11,3,21953,375,1
10,3,11,14,15,4,0,5918,245,1
3,6,11,20,21,21,0,7445,639,0
29,7,12,17,16,15,1,26318,165,1
9,2,13,18,14,23,4,1931,95,1
24,6,13,18,22,10,4,15833,471,0
8,5,15,23,17,19,1,22844,1443,1
29,2,16,10,22,16,2,15815,399,0
4,7,9,9,,,0,5465,123,0
10,6,9,10,,,0,5321,243,0
17,4,17,16,,,4,9413,135,1
5,2,9,13,11,13,2,7661,147,1
9,5,10,8,10,12,4,3449,79,1
29,3,10,11,15,11,4,18263,231,1
3,3,17,15,17,15,2,1685,163,0
3,7,13,11,,,2,26255,363,0
5,3,13,20,,,2,24653,327,0
29,2,13,22,,,0,4043,75,0
3,3,14,12,,,0,3899,111,1
24,4,9,11,17,19,4,37883,435,1
8,6,9,15,9,17,0,1649,187,1
3,7,9,20,19,1,2,32285,543,0
5,7,11,17,14,19,5,7235,215,1
8,5,11,22,12,21,5,5765,115,1
5,3,12,11,14,9,0,1586,57,0
8,4,14,11,22,23,3,48197,1599,0
29,3,14,13,17,12,2,12503,175,0
9,6,14,21,15,21,3,4469,375,0
5,2,16,22,22,13,2,52247,759,0
9,5,17,22,19,6,4,19973,411,0
29,4,12,10,,,3,5951,87,0
3,7,12,11,,,1,29603,279,0
7,2,12,18,,,4,12737,231,0
29,2,13,20,,,4,11477,243,0
8,3,15,1,,,5,46157,673,1
29,3,16,18,,,5,20387,159,0
29,3,16,22,,,2,40403,699,0
28,6,9,10,10,2,1,3203,75,0
6,5,10,21,21,21,5,38567,963,1
9,6,10,21,11,7,0,8015,323,1
6,6,11,18,16,17,3,18281,663,0
9,4,12,22,17,21,1,25949,1119,0
8,6,12,23,13,22,0,4115,111,1
3,4,13,6,19,11,4,13709,291,0
29,2,17,20,19,20,2,14645,657,0
5,5,9,11,,,2,12413,135,1
29,6,11,11,,,2,19667,171,0
5,6,11,21,,,1,44435,699,0
18,6,12,7,,,1,31493,555,0
3,7,13,10,,,4,85763,1167,0
20,3,13,12,,,0,5177,135,0
3,2,13,21,,,2,6887,219,0
22,4,9,17,12,12,4,10463,191,0
20,7,11,9,14,17,5,11831,375,0
6,3,13,9,16,15,3,10151,383,1
25,7,14,16,16,0,5,6491,249,1
8,6,15,14,20,19,2,31277,471,1
6,6,16,12,16,15,5,83,243,1
2,4,11,3,,,1,47669,1093,0
13,4,14,19,,,4,12215,279,0
8,4,17,11,,,4,10658,325,0
9,3,9,11,17,9,1,32105,651,0
29,5,10,18,12,17,0,4295,105,1
20,6,11,13,14,5,2,9551,359,0
23,4,11,14,12,17,3,2795,67,0
14,6,11,16,12,10,0,1415,91,0
7,6,12,11,14,8,0,3377,81,0
14,7,12,21,20,18,1,55289,1155,1
12,3,12,23,12,23,0,101,15,0
9,2,13,5,14,11,3,22070,1521,0
7,6,13,17,15,9,4,8624,177,1
28,3,14,13,15,11,3,2069,79,0
5,3,14,21,16,20,4,11720,183,1
2,4,10,22,,,1,12827,315,0
3,6,11,22,,,2,35669,975,0
5,2,12,20,,,4,15329,423,0
3,3,14,19,,,2,15689,615,0
5,7,9,9,11,16,0,3899,81,1
5,7,9,14,9,23,1,16481,623,0
3,5,9,17,14,5,0,40853,771,0
3,2,9,17,18,20,4,11099,711,0
9,2,10,21,13,1,4,33863,887,0
9,4,11,1,15,0,0,12287,219,0
9,6,12,14,12,18,3,5099,107,0
9,6,13,8,13,14,2,6401,179,0
14,3,13,9,18,7,3,12485,291,1
0,3,13,11,14,19,0,1907,107,1
15,5,13,22,18,14,4,22925,327,0
7,6,14,8,18,14,1,5843,285,0
20,7,14,14,20,0,2,12521,327,0
3,4,14,19,15,15,1,2285,55,1
20,3,9,12,,,2,9479,399,0
7,3,9,19,,,3,18227,231,0
10,4,10,6,,,3,6167,207,0
3,3,10,7,,,5,11963,567,0
10,3,10,14,,,3,7319,171,0
17,6,13,22,,,0,4403,279,0
3,2,9,2,10,11,3,6788,273,0
3,2,9,14,10,11,3,3617,119,1
28,7,9,18,21,18,3,54767,603,0
17,6,11,3,14,17,0,4658,385,0
3,6,11,11,12,9,3,2813,111,1
25,3,11,20,15,0,2,12248,295,1
28,5,12,16,14,13,0,10820,147,0
14,5,12,16,14,0,0,2594,93,0
9,4,13,20,18,0,4,9857,183,1
0,6,14,10,16,16,2,5141,153,0
3,6,14,10,18,9,5,28448,345,0
5,4,14,21,18,14,4,25628,795,1
9,4,15,8,22,9,2,33077,363,1
29,7,15,21,16,17,2,4751,63,0
27,2,9,11,,,2,13205,147,0
29,3,11,17,,,4,9623,303,0
3,4,12,8,,,3,34751,399,0
9,6,12,19,,,3,45389,807,0
9,6,13,10,,,4,58817,531,1
13,4,14,8,,,2,25463,315,0
3,6,16,17,,,1,20891,555,0
13,3,16,19,,,3,11459,87,0
9,7,17,22,,,2,26228,445,0
22,6,9,15,13,19,0,4973,245,0
3,5,10,7,10,18,5,5663,87,0
5,4,10,9,14,8,3,27908,755,1
6,2,12,17,13,21,2,3143,55,1
11,6,12,14,13,21,0,1427,63,1
14,2,12,16,19,9,4,16931,363,0
8,4,13,18,14,13,1,5765,163,1
6,2,15,20,19,18,4,20978,295,0
9,5,16,11,20,3,4,7973,225,0
5,2,17,9,18,13,4,5999,107,0
13,6,10,13,,,1,7661,147,0
11,2,10,14,,,2,7337,135,0
20,3,12,18,,,0,4637,135,0
3,3,13,21,,,2,8813,195,0
8,2,17,23,,,3,26753,535,0
6,4,9,7,21,16,4,19451,279,0
3,5,9,23,12,23,5,40715,863,0
24,3,12,6,13,13,0,1217,87,0
8,6,12,15,19,4,3,98597,1047,0
3,2,12,20,14,2,3,11243,147,0
3,3,13,7,21,13,0,8471,123,1
3,7,13,18,14,12,5,9575,495,0
9,2,14,0,15,14,5,6869,237,1
0,6,15,10,15,10,2,407,23,0
3,7,15,13,17,9,0,3404,177,1
10,5,17,9,18,8,2,1691,71,0
3,2,17,21,20,11,2,27851,567,1
3,3,12,23,,,2,8759,135,0
29,3,13,14,,,0,8831,243,0
14,6,14,14,,,0,8165,183,0
5,2,9,8,9,23,0,1169,55,0
4,6,9,19,10,19,0,2267,127,1
8,6,10,7,11,10,3,3773,411,1
23,4,10,20,11,15,0,1067,55,0
5,3,10,22,18,11,1,13781,447,1
19,6,11,13,12,20,3,1823,51,0
3,5,13,8,14,22,0,4835,243,0
7,2,14,10,17,11,4,3287,207,1
14,7,14,14,21,14,4,13745,243,0
3,2,15,21,18,16,0,2291,71,0
14,6,17,12,17,20,0,911,39,0
10,5,13,18,,,4,22061,207,1
6,3,15,13,,,4,10703,267,1
8,5,15,14,,,4,18353,1119,0
29,6,16,10,,,4,17831,363,0
6,4,17,18,,,0,5273,135,0
10,3,9,7,15,19,1,9533,147,0
8,7,9,8,9,17,3,9833,483,0
3,6,9,14,10,17,3,12227,447,0
25,4,10,12,10,17,1,2681,15,1
9,4,11,9,13,18,4,9191,279,0
23,4,11,12,15,23,4,7013,155,0
14,7,13,20,17,20,1,10583,295,1
25,4,13,22,16,15,5,10811,359,0
19,5,14,16,20,11,4,24311,339,0
20,3,15,6,18,0,1,3233,195,1
29,2,17,11,17,13,2,2339,67,0
9,3,10,2,,,0,13271,421,0
3,3,13,13,,,1,16895,111,0
5,4,9,14,10,21,2,10343,187,0
8,4,11,7,13,0,4,7157,291,1
3,3,11,17,13,13,2,3512,87,1
14,3,12,14,17,20,0,5519,207,1
29,4,12,19,12,20,0,329,31,0
9,2,13,18,14,14,2,2717,115,1
3,2,13,20,14,22,4,2597,199,0
9,3,13,20,13,20,2,1913,51,1
20,7,14,17,16,22,1,9821,171,0
24,2,14,18,16,17,2,5438,435,1
29,5,10,5,,,3,33389,449,1
5,2,10,14,,,3,30107,519,0
5,2,10,19,,,0,3305,231,0
29,7,13,13,,,3,30665,291,0
3,3,13,17,,,0,2495,195,0
3,6,13,21,,,5,24131,567,0
6,3,9,19,11,8,2,5105,111,0
21,6,10,13,19,0,0,12125,1011,1
5,5,11,5,15,21,3,9083,495,1
12,4,11,16,11,22,0,2435,75,0
19,6,13,12,13,14,4,5165,171,1
3,6,14,17,17,17,3,6179,263,1
5,7,14,18,18,15,4,68378,1145,0
17,4,16,10,22,18,4,8741,159,0
24,7,11,22,,,1,12521,195,0
3,6,13,13,,,4,26255,183,1
3,3,13,20,,,3,27425,483,0
29,3,16,19,,,4,13997,747,0
10,5,17,20,,,2,19193,525,0
12,5,10,11,10,19,2,2867,163,0
0,3,12,20,13,9,1,3983,47,1
3,4,12,23,14,10,1,22178,225,0
29,4,13,9,15,10,0,2306,129,0
12,4,14,12,21,11,0,4601,135,1
8,4,9,23,,,3,21809,267,0
10,3,9,22,,,3,13115,195,0
11,5,12,9,,,2,9803,99,1
20,7,12,18,,,2,38261,327,1
9,6,13,17,,,0,19595,723,1
3,3,9,11,18,6,3,19541,495,0
28,3,9,16,11,12,0,4565,117,1
17,5,10,13,10,14,0,365,43,1
19,5,10,10,10,20,4,5447,179,0
6,3,10,18,20,14,1,18947,471,1
14,3,12,13,14,23,2,3044,99,1
29,4,17,6,17,10,0,383,27,0
6,3,10,12,,,2,18101,555,0
17,4,13,10,,,3,32465,651,0
24,6,14,10,,,3,17273,831,0
29,3,14,22,,,0,3629,99,1
25,4,17,8,,,1,6413,85,0
8,3,9,20,17,21,4,12845,207,0
9,3,9,23,11,2,2,9992,123,1
28,7,10,19,11,21,2,16349,119,0
29,4,11,18,14,19,3,15275,199,0
1,4,12,18,17,11,2,18425,231,0
3,6,14,0,19,14,3,63293,1009,0
0,4,14,16,15,23,0,2471,59,0
27,6,15,0,18,23,0,5753,125,0
29,6,10,13,,,3,12953,207,0
8,7,12,20,,,5,61985,843,0
0,6,13,12,,,0,7841,75,1
29,4,16,7,,,3,18137,255,0
20,3,16,10,,,4,11405,279,0
10,5,9,7,9,18,3,2915,155,1
22,6,9,10,15,12,4,15023,207,0
18,4,10,13,11,12,4,6479,111,0
5,4,10,19,12,17,0,1883,87,0
8,7,12,15,15,22,2,53363,4375,1
0,6,12,19,17,9,1,14393,219,0
3,4,13,10,18,12,3,27821,567,1
29,6,13,15,13,21,1,4367,51,0
8,2,13,23,14,23,5,6071,111,1
3,6,9,0,,,1,22007,253,0
10,4,10,13,,,3,7229,195,1
6,3,15,9,,,5,21107,399,1
29,2,16,23,,,1,15599,243,0
7,7,12,16,18,1,3,40151,951,1
13,6,13,17,14,21,0,6035,91,0
3,5,14,13,14,18,3,3473,199,1
3,3,9,10,,,4,15473,1887,1
27,3,10,14,,,4,9911,471,0
5,5,10,23,,,0,10019,231,1
29,5,13,11,,,3,70499,1779,0
3,5,13,13,,,4,20963,219,0
29,6,13,17,,,0,4529,183,0
0,5,14,19,,,4,23357,315,0
8,4,10,9,15,11,1,13655,363,1
12,3,11,8,11,21,0,2585,91,0
10,5,12,12,16,13,1,9713,275,1
5,4,14,0,15,15,3,18560,291,0
3,2,14,18,18,13,3,10628,105,0
5,4,15,16,21,10,2,51311,1455,0
9,4,15,21,16,21,3,5609,87,1
8,3,16,7,17,21,4,3635,67,0
5,7,17,11,21,20,1,24923,175,0
3,4,9,18,,,2,8111,159,0
6,4,11,1,,,0,5585,183,1
19,5,14,9,,,2,38819,1023,0
29,2,16,12,,,5,13997,147,0
8,3,16,22,,,1,16013,135,0
9,2,9,13,9,22,5,4595,83,1
6,6,12,7,14,21,4,7409,195,1
5,4,13,16,17,17,4,35633,495,1
7,6,13,19,14,17,1,4289,87,1
20,6,14,16,15,21,1,3215,75,1
8,3,14,23,20,9,3,21125,147,0
5,2,15,19,18,16,4,22163,191,0
12,5,11,0,,,0,6971,169,0
3,7,12,7,,,0,9443,387,0
9,5,12,12,,,2,31691,447,0
7,3,14,21,,,1,15131,291,1
11,6,17,10,,,3,12968,965,0
9,3,9,22,10,0,3,3509,75,0
5,3,9,22,10,17,2,10679,419,0
20,4,10,9,20,20,4,36011,843,0
20,7,11,22,15,10,3,20828,175,0
9,5,12,14,18,0,2,12593,375,1
25,4,13,19,14,20,2,4505,155,0
24,6,13,21,16,4,0,1871,127,0
9,6,14,20,16,1,1,21341,279,1
20,7,10,12,,,5,13151,207,1
0,4,15,10,,,0,4043,99,1
12,6,15,11,,,5,15347,495,0
11,6,16,1,,,2,19235,813,0
8,6,16,6,,,2,14681,1239,0
5,5,9,16,10,16,4,12455,183,1
5,5,9,19,17,8,3,11783,171,0
5,3,10,6,10,20,2,4745,15,0
19,7,11,11,14,16,4,18911,199,1
29,2,13,11,19,10,0,4997,147,0
23,4,13,22,17,18,3,13418,745,0
24,3,14,14,18,12,1,10043,605,0
3,2,15,16,17,13,4,5132,219,1
11,4,9,21,,,3,51023,471,0
25,4,11,17,,,0,5141,159,0
27,4,11,20,,,2,14519,243,0
29,7,13,15,,,4,76439,819,0
22,6,17,12,,,4,7013,95,0
27,6,10,9,15,2,0,3917,255,0
0,3,10,21,14,18,2,13853,135,1
4,6,11,8,11,9,3,2345,159,1
20,7,11,12,21,20,1,22781,339,0
6,2,12,11,16,10,1,6773,135,0
9,6,12,13,15,23,5,40631,375,0
7,3,13,14,18,19,0,2981,75,0
20,7,13,21,16,18,4,16187,119,0
14,7,15,14,17,14,1,7508,183,0
20,6,11,10,,,1,16949,279,0
0,3,15,14,,,3,18767,507,1
9,7,12,15,20,11,2,21359,399,0
7,4,12,15,14,20,2,6797,105,0
9,5,12,21,14,20,1,5645,183,1
4,6,12,21,15,22,0,8111,135,1
11,6,13,18,17,18,3,13553,335,0
14,6,14,5,15,11,1,2198,81,0
3,6,14,11,17,1,3,3803,111,1
9,6,14,14,17,20,0,11135,199,0
3,7,14,17,16,17,3,13466,225,1
3,5,15,16,17,23,2,14690,249,1
17,3,10,15,,,2,9353,135,0
9,3,11,6,,,0,4955,197,0
3,2,12,7,,,3,14159,255,0
28,4,13,15,,,0,4781,147,0
3,2,14,13,,,1,6761,111,1
0,6,14,16,,,1,22061,303,0
29,4,15,15,,,0,4277,219,1
9,6,9,12,9,19,0,3101,71,1
9,4,9,14,17,15,3,17921,315,0
3,5,11,11,16,15,1,42491,1311,0
4,4,11,20,17,14,3,17003,543,1
9,4,12,8,12,17,3,6545,299,1
11,7,12,9,14,17,4,14735,759,0
6,6,17,10,17,20,3,5495,175,1
12,6,10,13,,,0,5483,99,0
23,4,11,10,,,1,11477,231,1
3,3,11,16,,,3,16157,339,0
25,4,12,6,,,4,16253,267,0
14,3,12,12,,,1,17399,567,1
10,4,12,16,,,0,5483,195,0
12,2,13,14,,,3,12701,279,0
2,3,13,20,,,1,53363,495,1
7,3,14,18,,,3,12053,147,0
8,2,15,22,,,4,17327,255,0
8,4,16,18,,,0,6779,135,0
25,6,16,23,,,0,11585,651,0
10,5,17,14,,,2,3863,85,0
4,4,9,20,11,12,5,6464,201,0
14,5,10,12,16,20,0,3377,183,1
9,6,11,21,12,19,2,12047,231,1
3,4,12,0,18,9,1,22301,323,0
5,3,13,13,17,0,1,11138,145,0
14,6,15,16,16,7,0,3005,51,1
3,3,9,10,,,0,2693,87,0
4,3,11,11,,,2,6995,159,0
5,2,13,8,,,2,25229,195,1
25,4,15,21,,,2,7517,135,1
28,6,9,11,11,23,4,16742,435,0
9,4,9,21,10,10,1,5483,79,1
5,7,10,21,14,0,4,29288,365,1
29,6,11,22,19,12,1,33545,219,0
3,7,13,11,14,21,3,7349,99,0
3,4,13,15,14,13,2,6593,211,1
5,3,14,6,18,13,0,4283,245,1
29,6,14,11,15,23,1,2621,127,0
9,3,15,6,17,0,1,13463,303,0
12,6,15,11,15,22,0,965,87,1
25,3,16,10,17,20,5,2543,75,0
5,7,9,10,,,0,5375,111,0
19,5,10,11,,,4,13727,267,0
29,6,11,8,,,3,2603,111,0
3,5,11,22,,,4,17201,567,0
11,3,12,13,,,3,15365,291,0
9,6,12,22,,,2,72281,915,1
14,3,13,15,,,2,16499,75,0
8,4,16,16,,,4,23357,483,0
6,3,9,0,11,18,0,5423,143,0
4,7,9,20,9,23,2,2375,51,1
19,7,10,6,10,23,0,2633,179,0
8,4,10,22,18,20,1,13007,375,1
20,3,11,18,13,10,2,8327,93,0
9,7,13,7,20,16,3,52589,1443,0
9,6,14,12,16,10,0,1685,135,1
3,7,14,14,22,1,4,25913,435,1
4,4,15,19,16,0,0,1811,123,0
1,5,16,17,19,4,1,19595,271,0
3,4,17,10,17,19,1,5255,127,1
24,6,17,16,22,1,4,26309,819,0
12,3,17,19,18,7,4,3827,79,0
12,5,11,12,,,1,16517,231,0
8,6,12,14,,,0,8237,543,0
19,5,13,10,,,0,9785,411,0
10,6,13,20,,,3,5339,231,1
6,5,15,17,,,4,29801,543,0
3,6,15,21,,,2,12197,291,1
5,6,17,9,,,4,7058,265,0
5,3,9,9,11,18,1,10955,597,1
3,3,10,15,10,16,2,1127,51,1
10,5,11,14,12,15,3,7157,195,1
5,2,11,16,16,13,4,59699,1107,1
0,6,12,23,13,10,2,10445,159,1
29,4,13,12,13,18,4,3713,127,1
3,6,14,17,17,6,2,7703,215,1
3,6,14,23,15,0,4,1601,43,0
5,6,15,5,15,23,4,6431,243,1
13,6,15,12,18,9,3,8603,263,0
25,3,10,2,,,0,6908,183,1
5,2,10,8,,,1,29135,663,0
19,2,11,16,,,3,14807,375,1
8,6,12,16,,,0,3233,147,0
8,2,9,22,13,12,3,13703,525,1
5,7,11,15,13,19,4,24608,501,1
6,4,12,14,14,9,2,6716,213,0
9,3,16,17,16,18,0,1601,211,0
6,2,17,15,22,17,1,10469,135,0
5,3,11,19,,,0,5501,147,1
29,3,12,12,,,2,8777,315,0
5,2,13,17,,,3,27065,171,0
0,2,13,22,,,3,10703,159,0
29,6,16,23,,,0,14411,363,0
9,3,10,9,14,9,5,13268,235,1
12,6,10,18,15,22,4,17381,411,1
9,4,11,6,20,16,3,14915,591,1
9,2,11,10,12,2,0,839,59,0
3,6,11,21,12,8,5,7355,119,1
9,4,13,4,13,12,1,2789,47,0
9,6,14,23,15,18,3,15023,187,1
12,6,16,10,17,11,0,1505,63,0
0,4,16,21,20,13,3,24848,395,0
3,3,17,11,18,13,3,7433,67,0
14,4,9,23,,,2,11531,375,0
3,5,13,19,,,2,45425,1899,0
9,6,14,10,,,2,27479,195,0
9,7,15,21,,,1,24149,363,1
3,4,9,4,10,20,3,3530,117,0
25,6,9,13,11,23,4,6239,135,0
9,5,9,13,14,21,4,17831,135,1
3,4,9,15,14,22,3,20855,291,0
20,3,10,10,11,9,4,2645,51,0
8,6,10,12,10,15,1,6269,167,1
5,3,10,18,13,12,3,9239,199,0
14,6,11,6,13,18,2,7295,223,0
27,3,11,7,11,10,0,413,31,0
3,4,11,14,12,1,1,12389,455,1
4,7,11,14,20,10,3,40403,1071,0
9,6,12,11,17,1,4,61319,2019,1
20,3,12,18,12,19,4,1817,31,0
4,6,12,19,13,18,4,17381,559,1
9,6,17,21,18,0,4,6725,123,0
9,5,9,18,,,3,30395,759,0
25,6,10,6,,,1,8471,435,0
8,6,9,13,11,9,4,18902,231,0
10,4,10,11,17,13,4,18155,387,0
5,3,11,3,13,14,4,11927,287,0
17,3,12,19,14,12,3,9668,621,1
3,4,13,7,13,8,2,971,23,0
29,2,15,12,20,19,3,31511,423,0
9,3,13,20,,,4,20729,867,0
5,6,14,16,,,4,19073,411,0
20,2,17,0,,,0,5483,123,0
5,6,9,2,10,13,2,9641,111,1
19,5,9,11,9,13,4,1667,43,0
18,6,10,20,18,21,1,46559,339,0
29,6,11,8,12,11,0,1853,71,0
0,4,12,15,16,17,3,13148,645,1
20,7,12,16,18,15,4,19289,255,0
8,7,12,15,13,17,4,17345,671,0
9,4,13,8,13,22,2,9287,595,0
29,3,13,11,16,1,5,23111,383,1
20,5,16,14,18,12,0,1253,75,0
5,3,9,6,,,0,3017,231,0
9,5,9,19,,,0,6401,183,1
0,4,10,11,,,1,5573,123,1
5,6,12,12,,,4,12917,315,0
8,3,12,14,,,4,22637,495,0
28,5,12,14,,,4,20225,159,0
0,3,13,13,,,3,17237,339,0
8,2,14,11,,,4,26129,459,0
25,3,15,3,,,3,17639,435,1
3,7,10,21,19,10,3,54677,1335,0
19,4,10,5,19,16,4,47249,1079,1
6,5,10,7,10,15,3,4049,115,1
17,3,10,21,11,22,3,4127,55,0
8,2,11,11,16,9,2,22349,903,0
23,2,11,18,20,9,3,15059,279,0
14,3,13,15,18,10,2,12827,327,0
14,7,13,21,14,15,3,5387,95,0
12,3,13,23,16,17,1,3431,143,1
22,4,14,8,19,2,0,5411,207,0
4,3,9,19,,,5,6455,255,0
3,7,12,15,,,3,62183,1527,1
29,3,13,13,,,3,15815,207,1
9,3,14,15,,,4,20279,195,1
22,6,9,12,11,1,0,2126,87,0
19,6,10,9,10,14,4,815,71,0
10,7,10,11,14,22,5,9353,215,0
24,2,10,22,17,15,1,6311,171,0
7,6,11,16,11,20,1,3689,275,1
19,5,11,22,14,16,4,8411,103,0
6,6,12,9,12,11,3,3191,151,0
25,7,13,20,15,10,1,6284,165,1
8,7,14,15,20,21,2,51527,2619,0
11,7,15,12,19,1,5,13283,295,0
29,6,17,14,18,22,0,1751,95,1
12,5,10,19,,,3,7967,159,0
20,6,11,8,,,5,33527,651,0
3,2,11,11,,,3,14069,231,1
8,4,12,20,,,3,52787,591,0
5,3,14,14,,,0,5339,87,0
3,4,16,13,,,4,8345,111,0
10,3,16,23,,,2,22889,303,0
8,7,9,15,11,11,4,9317,171,1
0,2,9,16,12,10,4,6323,279,0
3,2,11,23,13,21,5,16175,465,1
9,2,12,14,20,16,4,19253,327,1
9,4,13,19,14,18,0,2393,63,1
29,3,14,14,19,12,1,8489,327,0
20,7,14,14,22,4,5,14717,459,0
0,6,14,20,17,15,0,6455,247,0
3,2,14,21,17,7,0,1847,103,1
12,6,15,4,22,12,3,13775,421,1
29,6,15,11,21,2,3,36173,351,1
8,3,15,13,17,18,4,10172,171,0
8,3,15,19,21,12,5,9155,207,1
0,3,10,10,,,3,13493,135,0
12,3,12,11,,,0,5177,219,0
13,6,12,23,,,1,31187,303,0
10,2,13,8,,,1,11783,123,0
3,4,14,1,,,0,7811,365,0
14,7,15,18,,,4,17039,951,0
8,3,10,19,12,23,1,9128,171,0
0,4,9,10,13,8,1,7418,205,0
3,3,9,16,9,17,2,3341,195,0
9,7,12,8,16,19,1,31928,715,0
29,6,13,9,17,16,5,33968,525,1
6,3,9,20,,,3,11207,147,0
12,5,10,11,,,3,19523,207,0
0,4,13,22,,,0,9965,171,0
3,7,17,14,,,4,27728,1365,0
8,7,9,1,9,1,2,3965,219,0
3,4,9,13,9,22,3,11219,655,1
27,6,10,10,11,23,1,1877,51,0
8,5,12,19,15,21,2,9395,111,0
3,6,12,22,18,4,4,15311,255,0
0,3,13,11,13,14,3,1409,31,0
0,4,13,16,15,9,4,14060,579,0
3,7,14,7,17,5,2,14351,847,0
7,6,14,13,14,19,1,6251,111,1
5,4,15,15,16,22,0,1679,59,1
5,5,17,13,21,10,0,3803,105,1
14,7,17,21,18,19,4,4661,123,0
5,3,9,7,,,3,12755,243,1
8,3,9,10,,,3,11837,171,0
6,6,10,22,,,1,46685,459,0
29,6,17,16,,,0,9218,275,1
3,5,9,20,11,11,3,4286,153,0
11,2,9,23,13,15,4,11288,435,1
8,4,11,2,15,0,0,9821,207,0
3,6,11,9,13,22,2,6923,255,1
6,5,11,13,19,12,1,32753,1623,1
9,5,11,22,12,19,0,1985,143,0
3,6,13,14,22,8,0,4151,123,1
29,2,13,17,16,14,1,9383,135,0
5,5,16,8,17,7,2,8645,255,0
9,4,16,14,18,5,2,14429,81,0
20,6,13,15,,,0,13241,231,0
24,6,14,16,,,5,26669,267,1
12,5,17,14,,,4,9863,155,1
19,6,10,11,17,13,0,8165,303,0
5,2,11,19,12,21,3,9911,263,0
19,5,12,15,14,20,4,22961,1431,0
17,5,13,16,15,21,1,6707,105,1
29,3,13,16,18,19,0,6365,267,0
3,6,13,22,15,14,3,17165,819,0
9,6,14,7,14,13,3,4121,143,1
14,5,14,8,16,3,0,2279,81,0
29,3,14,11,15,7,2,2933,43,0
8,3,14,15,17,16,3,11951,151,1
3,6,16,18,17,12,5,6725,383,1
5,2,17,15,18,9,0,1013,35,0
7,3,17,21,21,18,3,8348,185,0
4,6,11,11,,,0,17291,411,0
12,6,17,13,,,0,6473,245,0
3,7,10,13,10,22,1,7493,159,0
3,6,10,18,10,20,0,2429,187,0
28,3,10,21,14,20,0,5288,345,0
5,4,11,12,12,19,4,3539,187,0
11,6,12,9,12,11,1,83,39,0
9,5,13,14,13,17,3,8603,155,0
14,7,13,20,15,19,0,4718,447,0
3,2,13,21,14,12,1,3791,111,0
29,6,14,8,23,0,0,3467,75,0
9,2,14,12,16,19,3,9497,243,0
12,4,14,13,20,22,0,9173,327,1
3,3,15,10,16,2,5,233,91,0
29,2,10,16,,,3,31763,531,0
11,5,10,22,,,4,34355,471,1
20,3,11,8,,,1,33257,1107,0
22,6,13,20,,,3,16265,327,1
3,6,10,8,10,19,5,4457,79,1
11,4,12,12,18,19,1,8885,339,0
29,6,13,9,18,10,2,21143,207,0
3,3,13,11,16,16,1,9995,87,1
9,4,14,17,20,15,4,16373,315,0
29,4,14,19,16,19,2,5978,81,0
29,5,15,15,15,16,0,431,31,1
13,6,11,10,,,3,17543,519,0
8,5,11,14,,,3,20099,375,1
5,4,12,12,,,1,17291,207,0
26,7,13,14,,,3,31727,495,0
29,4,13,19,,,4,12287,171,0
3,6,14,22,,,0,12989,315,0
12,4,17,10,,,1,9983,325,1
8,3,9,11,10,12,3,9353,379,0
3,4,11,20,14,23,2,8027,263,1
5,7,13,7,18,13,4,28361,447,1
11,6,15,8,16,9,2,5483,163,0
9,4,15,20,17,13,4,9542,579,0
5,4,16,2,23,0,2,38828,841,0
6,3,9,23,,,1,12377,123,0
8,4,11,23,,,2,26993,363,0
5,6,12,9,,,2,33095,591,0
4,6,12,21,,,2,39683,687,1
6,5,14,10,,,0,8129,111,0
29,2,15,15,,,0,10775,195,0
8,6,16,17,,,3,31907,1611,0
8,5,9,12,12,21,4,9371,255,0
3,7,9,16,9,23,3,12905,263,1
9,3,11,11,15,22,4,42998,335,0
20,7,12,12,14,23,4,10541,303,1
14,6,12,19,17,12,3,14051,495,0
9,6,13,16,14,21,0,5177,79,0
3,3,14,17,20,17,0,6095,423,0
14,7,15,17,17,22,4,12134,261,1
8,2,9,9,,,3,23465,723,0
12,5,9,14,,,0,5231,219,1
12,7,9,15,,,1,15725,231,0
8,2,15,19,,,3,12575,159,1
29,2,16,21,,,2,19019,291,0
7,6,9,8,14,16,0,4601,231,1
12,6,10,23,15,21,4,29225,315,1
11,6,11,1,12,14,5,6032,135,0
9,2,11,15,21,20,4,20045,291,0
10,5,12,12,18,7,4,13637,555,0
29,3,13,10,16,23,3,17591,111,0
29,6,14,17,15,20,4,8801,115,0
29,2,14,18,15,15,3,5705,235,1
9,3,15,11,18,21,4,10355,159,1
9,3,16,15,18,10,3,13862,213,0
25,3,10,12,,,3,8957,195,0
25,6,12,21,,,0,10649,411,1
29,6,16,10,,,0,5339,207,0
8,5,9,15,10,14,3,4325,71,1
11,2,10,13,16,16,2,7931,339,0
24,2,11,7,16,15,5,21467,375,0
5,7,11,21,13,21,3,26399,477,0
3,7,11,23,17,14,4,40889,867,1
8,3,12,15,23,0,5,29927,687,0
5,3,14,8,14,14,2,3449,55,0
3,4,14,12,18,9,3,20903,505,1
12,6,14,13,14,18,1,2153,115,1
13,4,14,19,21,16,1,17381,519,0
10,5,17,22,20,1,1,5855,199,0
5,4,11,11,,,3,7355,111,0
1,6,11,15,,,2,42365,291,0
9,3,12,18,,,3,17111,1131,0
20,3,17,12,,,1,7523,125,0
9,6,17,21,,,0,7958,135,0
8,7,9,17,14,9,3,71813,963,0
5,2,9,17,14,16,3,14051,171,0
18,6,9,22,9,23,1,6491,383,1
29,6,9,19,12,12,5,17507,311,0
5,2,10,7,10,13,4,1085,55,0
5,4,10,10,11,7,4,3833,115,0
8,6,14,1,14,10,1,5519,91,0
9,4,15,14,18,16,0,3167,143,1
3,5,16,11,19,11,1,9179,167,0
29,6,17,11,21,8,2,16208,605,0
23,4,17,12,20,12,5,9155,87,0
9,6,9,13,,,3,40961,1047,0
25,2,10,19,,,2,16931,507,1
28,5,12,17,,,3,17633,279,0
8,2,14,21,,,3,7697,171,0
9,4,14,22,,,2,8237,195,0
5,6,10,6,10,19,4,5015,111,1
25,7,10,7,14,20,4,11738,565,1
5,4,10,11,16,14,1,9119,579,1
8,5,10,13,12,17,3,6788,117,1
3,4,10,15,10,21,3,2339,127,1
7,7,11,7,15,0,3,13418,195,1
3,7,11,9,13,20,3,10820,189,0
5,7,11,11,11,12,4,1349,47,1
9,6,14,17,17,13,4,27875,1359,1
29,6,15,19,22,14,3,14555,891,1
29,3,17,15,20,11,0,1475,95,0
9,6,9,11,,,0,21071,459,0
3,3,9,16,,,0,10325,327,0
3,5,9,19,,,3,11333,99,0
3,6,10,9,,,0,10307,219,0
3,3,10,14,,,1,9749,279,0
19,4,10,16,,,5,19505,171,0
8,4,11,12,,,1,12287,195,1
1,7,11,23,,,1,89183,783,0
6,6,13,13,,,3,15527,291,1
11,5,13,22,,,0,11045,375,0
25,4,16,13,,,2,2207,159,0
29,3,16,20,,,3,11621,171,0
11,5,17,13,,,0,15443,345,0
5,2,9,20,10,17,3,8429,179,0
25,5,10,14,22,1,1,8975,435,0
5,4,13,6,22,11,0,6887,309,1
9,4,13,7,13,17,4,19115,2655,1
3,2,14,8,15,19,4,5297,111,0
14,7,13,23,16,20,3,10019,471,0
5,6,14,9,18,2,0,2918,165,0
5,6,9,20,,,0,19739,171,0
3,5,10,3,,,4,19214,337,0
3,2,11,18,,,5,17633,339,0
10,4,14,2,,,3,28076,477,1
3,6,14,9,,,2,8003,375,0
29,3,15,20,,,0,2567,111,0
20,7,9,14,12,18,0,5663,279,0
9,3,9,14,21,13,2,12593,243,0
0,3,10,3,14,14,5,23537,1023,1
19,6,10,12,13,18,4,9815,159,1
3,7,11,18,11,22,2,5729,267,1
9,5,11,18,20,19,5,14195,519,0
3,6,12,11,13,10,3,2147,95,1
14,3,14,16,14,19,1,2213,79,0
8,6,15,16,16,20,4,9731,495,1
9,2,15,16,19,21,0,8108,155,1
14,6,17,13,19,9,4,4286,471,0
8,4,9,7,,,2,6599,159,0
8,4,9,23,,,1,13385,159,0
19,4,11,16,,,4,14501,363,0
3,4,12,20,,,4,43643,855,0
6,3,13,11,,,1,19019,1131,0
8,5,14,18,,,3,9425,111,0
5,2,10,9,10,23,1,1883,35,1
5,3,10,20,15,13,2,13943,447,0
10,5,11,11,16,19,5,12539,267,1
9,6,11,21,11,23,2,4025,75,0
3,6,13,14,14,21,1,10097,155,0
5,2,14,12,15,14,3,3947,135,1
4,5,14,14,15,15,4,4133,107,0
22,2,17,14,17,16,2,1007,43,0
3,3,11,9,,,1,7643,303,1
24,6,11,18,,,2,22979,411,0
8,7,14,9,,,0,10577,579,1
5,7,11,14,14,19,1,27587,831,0
20,7,12,5,14,14,4,9347,231,0
29,2,16,8,17,23,1,6449,251,0
6,7,16,14,17,22,1,13175,159,1
5,6,9,13,,,4,39827,939,0
29,2,10,9,,,4,16247,183,0
3,2,10,16,,,3,9335,171,1
9,5,13,10,,,4,22367,879,0
29,2,16,11,,,0,2531,207,0
29,5,17,9,,,0,2228,95,0
3,2,17,17,,,3,12923,175,0
8,3,10,7,11,19,3,2939,115,0
5,4,10,7,13,20,4,14555,839,0
3,5,11,11,14,11,4,16499,431,0
3,2,11,21,12,22,4,9863,791,1
8,2,12,11,15,10,2,5195,159,0
3,6,12,13,14,8,2,8921,309,1
14,3,12,22,22,13,0,5213,195,0
14,6,13,6,15,23,4,23096,249,0
29,6,15,9,16,11,0,1109,55,1
3,3,16,22,18,9,2,13754,63,0
4,2,12,18,,,4,21701,351,1
9,2,13,10,,,2,25373,591,0
10,6,15,8,,,3,8327,171,1
9,6,10,5,10,14,3,3311,63,1
28,7,10,17,19,11,0,9821,351,1
3,7,10,23,15,2,1,50951,747,1
12,6,11,10,11,10,1,125,19,1
20,7,11,12,18,11,2,15059,351,1
12,5,11,23,14,10,0,4427,103,0
7,6,13,10,15,0,0,2486,51,0
8,6,13,11,14,23,1,5639,103,1
8,3,14,14,14,22,1,3623,87,1
5,3,14,23,19,10,0,6563,135,0
29,6,15,8,16,12,1,2819,71,0
25,2,16,12,21,20,3,8507,579,0
7,3,17,11,19,10,2,5744,57,0
8,6,9,10,,,2,38333,1155,0
13,4,10,9,,,1,8075,135,0
9,4,10,14,,,1,23267,447,0
8,4,10,14,,,0,9335,183,0
6,3,10,19,,,2,29711,495,1
8,2,10,20,,,3,5879,99,0
9,4,12,13,,,0,6905,171,0
29,7,13,12,,,1,31187,459,0
23,6,14,13,,,2,30233,495,0
20,2,15,22,,,0,2963,171,0
8,2,9,13,13,18,3,7178,145,0
14,5,13,6,16,20,3,10523,159,1
14,3,14,16,19,23,3,17399,207,1
23,7,10,14,,,3,18839,687,0
15,2,11,19,,,5,21701,279,0
0,3,12,15,,,4,16013,159,0
22,4,13,0,,,3,47711,393,0
29,6,14,11,,,1,8363,315,0
8,7,9,23,10,0,3,2243,63,0
8,4,10,20,11,20,3,3659,51,0
12,6,11,7,14,3,0,2039,119,0
3,6,12,11,13,13,2,1925,35,0
3,4,12,19,14,0,3,11927,561,0
11,2,13,23,16,23,3,9491,215,0
10,6,14,6,14,21,2,2567,139,1
3,3,14,22,15,10,3,3371,75,0
6,3,14,23,19,16,3,32969,2295,0
9,2,15,10,17,12,5,8093,195,0
9,2,16,16,16,20,2,2879,91,0
25,3,16,23,19,20,3,14711,279,0
2,3,10,10,,,4,29513,543,0
14,6,10,15,,,0,6905,327,1
9,5,12,8,,,4,25679,783,1
2,4,15,15,,,5,37271,423,0
29,4,16,22,,,1,5285,147,0
20,7,17,21,,,0,4793,95,0
4,6,10,13,12,12,2,11738,303,0
18,6,10,19,10,23,4,3395,79,1
8,4,10,19,13,13,2,7823,199,1
29,5,11,15,15,16,1,11693,155,0
6,6,12,17,14,19,3,9155,357,0
18,4,12,20,16,19,2,22673,485,0
5,3,13,20,14,13,3,5963,147,0
9,2,13,20,15,14,0,2990,87,1
12,5,13,21,17,21,1,10268,285,0
3,6,14,7,14,18,4,5825,331,0
29,4,14,9,17,16,0,8375,303,0
8,7,14,15,18,1,4,22073,235,1
5,7,15,8,18,14,4,27695,367,0
9,2,16,22,19,17,3,17759,223,0
18,7,17,8,17,10,2,2945,59,0
8,6,17,11,18,13,0,1835,243,1
24,5,11,16,11,17,3,773,35,0
20,7,12,13,12,19,4,9863,159,1
5,6,12,14,17,11,1,23825,783,1
29,4,12,15,13,13,0,2993,143,0
28,3,12,17,14,21,3,3764,177,0
3,3,12,19,13,19,2,4259,71,0
8,5,13,11,16,11,2,15839,143,0
5,4,13,21,14,14,0,1277,75,0
29,2,15,8,18,12,3,9887,135,0
5,6,9,14,,,4,20225,387,1
29,3,15,15,,,0,9677,243,1
18,7,9,7,9,9,1,2045,47,0
3,3,9,8,10,1,5,5027,151,1
10,5,9,12,9,19,0,2429,235,0
3,4,9,12,13,11,5,24383,415,0
12,4,10,11,10,23,3,947,15,0
28,7,10,12,13,16,4,10163,239,0
5,6,10,16,12,14,1,11090,429,1
10,5,10,16,13,10,2,6683,127,0
17,4,11,20,16,12,2,16751,135,1
9,3,12,21,12,21,0,323,35,0
9,7,12,22,13,9,0,4919,131,1
3,5,13,5,22,9,4,31268,1275,1
4,7,13,8,18,20,2,99155,867,0
21,3,15,11,19,10,4,17858,1205,0
8,3,16,20,18,17,4,7184,255,0
23,4,9,11,,,1,14429,159,0
6,5,10,6,,,3,9749,123,1
10,4,11,8,,,1,13079,591,1
4,6,12,7,,,3,30449,2019,0
0,6,13,19,,,1,31493,543,0
5,2,13,21,,,1,14141,279,0
29,4,15,13,,,1,10721,195,0
29,2,15,14,,,1,12161,195,0
5,4,16,20,,,5,48845,699,0
0,6,17,12,,,2,17978,465,0
5,4,17,13,,,5,41648,895,0
5,2,9,5,16,13,1,9008,267,0
19,2,11,20,15,16,0,5498,325,1
9,4,12,8,19,19,1,41429,795,1
9,5,12,11,15,12,1,10019,367,1
6,3,12,12,13,7,2,6521,299,1
10,3,12,17,16,0,2,14633,435,0
29,4,13,11,17,23,1,20873,455,0
14,6,16,12,16,22,5,2093,159,0
3,4,12,22,,,3,30071,447,1
11,4,15,11,,,2,13529,279,0
9,3,15,23,,,4,25193,339,1
10,5,16,21,,,4,16643,495,0
8,7,9,9,10,9,1,5927,99,0
10,5,9,13,10,12,4,3929,203,1
5,6,9,15,20,20,2,25679,855,0
3,5,9,22,9,22,3,1181,51,0
5,6,10,9,12,8,4,5870,237,0
24,2,11,19,19,20,0,4313,291,0
4,5,12,11,22,18,2,11945,183,1
6,6,13,11,14,14,3,10529,59,1
25,3,14,21,16,10,0,1964,117,0
29,4,15,22,16,13,0,1775,119,1
14,3,9,23,,,0,4781,123,0
29,4,10,22,,,1,31241,315,0
3,4,12,13,,,3,7337,147,0
17,6,13,9,,,4,17075,291,0
12,6,14,1,,,0,8021,239,0
28,5,14,7,,,4,10631,159,1
8,3,14,12,,,0,3683,135,0
3,6,15,15,,,0,16823,267,0
8,6,16,19,,,3,23555,1311,0
14,6,17,7,,,5,6728,215,1
10,4,9,12,10,18,1,4787,179,0
3,2,10,17,11,7,4,2939,159,1
4,4,11,12,13,11,2,6554,93,0
11,3,13,21,15,21,1,6302,519,0
18,6,14,12,17,10,3,19631,391,0
3,6,14,22,22,18,0,13421,303,1
0,6,16,10,16,16,2,665,31,0
7,3,17,18,22,13,4,11063,363,1
26,7,11,17,,,4,45209,1011,0
3,4,13,12,,,0,6941,231,0
24,7,16,20,,,2,9047,171,0
5,3,10,13,11,19,4,8855,171,0
3,3,11,10,15,6,0,3578,285,0
5,6,13,18,15,17,1,12341,273,1
29,6,17,13,17,23,0,989,43,1
29,6,10,23,,,2,16445,207,0
10,4,11,20,,,4,7553,231,0
12,3,13,13,,,1,13097,279,0
1,5,15,21,,,1,29819,399,0
29,4,16,20,,,3,11711,159,0
3,3,9,16,17,22,3,7139,267,0
14,5,10,20,11,10,4,1955,99,0
14,2,11,20,15,18,2,6338,215,0
9,6,12,12,19,23,0,13547,183,1
10,5,12,19,15,7,5,8747,255,0
3,7,12,22,14,9,3,39341,489,0
5,6,12,23,15,17,1,36419,383,0
10,5,13,18,17,15,3,16238,605,0
24,3,14,7,21,14,2,28217,291,1
9,2,14,23,18,1,4,45638,775,0
0,5,11,11,,,1,19361,303,1
12,6,11,15,,,0,6131,279,0
23,7,15,21,,,1,18389,339,1
25,7,10,9,10,23,1,2663,143,1
3,5,10,10,14,13,3,13853,545,0
29,5,10,11,13,20,4,8051,311,0
7,6,12,9,22,10,1,5501,183,0
8,4,12,11,12,22,2,4433,203,0
0,6,14,13,14,16,2,1241,51,1
29,7,14,23,16,21,3,17102,387,0
6,3,17,10,18,18,0,1745,35,0
5,6,17,21,19,11,0,3260,99,1
29,3,9,14,,,1,8525,123,1
5,6,10,21,,,0,7211,159,0
7,3,14,19,,,0,6023,147,0
7,6,14,21,,,0,4853,375,0
5,5,15,13,,,2,25661,447,0
29,2,15,15,,,5,13709,171,1
20,6,17,18,,,0,2198,105,0
22,6,9,20,11,11,1,6824,111,1
8,6,11,1,11,17,2,7145,239,0
5,7,12,18,13,13,0,1463,63,0
23,3,12,21,14,23,4,4916,177,1
29,4,15,22,16,12,4,9917,411,1
5,3,17,9,17,20,5,3731,103,0
11,6,9,21,,,3,24527,543,1
6,7,14,14,,,1,32519,375,0
15,6,9,6,20,0,2,37862,519,1
5,4,10,11,10,14,3,2615,115,1
3,2,10,13,12,14,3,3674,87,1
18,6,10,14,10,19,0,2279,131,1
20,6,10,21,13,13,0,3035,175,0
8,2,13,10,13,11,0,659,51,0
12,6,13,11,18,20,1,14249,351,0
27,3,15,16,22,17,2,12269,483,1
29,6,15,23,21,15,3,29207,303,1
3,6,16,14,18,19,2,5069,141,1
20,7,17,14,17,17,4,2057,63,0
10,3,9,20,,,4,3935,87,0
29,3,11,0,,,1,27782,771,0
10,3,12,12,,,2,6077,171,0
29,4,13,19,,,4,29675,159,0
8,7,9,9,10,23,1,9035,303,0
20,7,9,14,18,21,4,30467,207,0
6,2,9,20,9,22,5,3779,123,1
3,7,10,7,21,17,3,34139,831,1
14,6,12,10,16,11,5,8903,445,1
18,2,12,15,13,19,4,11441,247,1
12,5,12,20,21,21,3,17615,423,0
4,4,12,20,21,22,4,57359,1131,1
4,5,14,21,22,17,4,16445,387,0
9,4,16,16,18,8,1,10199,147,0
3,3,10,13,,,2,7571,207,0
10,2,9,10,,,1,4799,111,0
9,3,9,22,,,2,19037,471,0
13,7,9,22,,,3,34301,339,0
10,4,16,0,,,0,8609,127,0
9,3,16,9,,,5,13133,339,0
27,4,16,17,,,2,17363,615,0
12,7,9,22,20,0,0,5861,111,0
13,3,9,14,15,0,2,63263,399,0
7,6,9,21,11,9,0,3251,81,1
10,3,9,23,10,14,5,2789,95,0
3,4,10,9,19,18,0,5933,375,0
3,6,10,10,11,8,4,6353,403,0
5,2,11,19,12,20,0,953,39,0
3,6,12,13,13,13,4,7397,219,1
3,2,12,14,15,19,2,4019,127,0
5,5,13,11,16,14,2,7079,175,1
18,5,14,6,14,17,1,1841,55,1
7,3,17,9,22,12,0,4349,327,1
3,5,9,22,,,4,18587,291,0
10,5,12,12,,,3,7247,135,0
5,2,16,5,,,5,9050,337,1
8,2,10,12,10,13,4,1277,47,1